[{"model": "admin.logentry", "pk": 1, "fields": {"action_time": "2021-10-29T17:55:25.373", "user": "5da15879-3ef7-4bcc-8a5e-75f583d83fce", "content_type": 8, "object_id": "52ca29e5-9234-4348-bc00-328990a9a032", "object_repr": "abc", "action_flag": 2, "change_message": "[{\"changed\": {\"fields\": [\"Is verified\"]}}]"}}, {"model": "admin.logentry", "pk": 2, "fields": {"action_time": "2021-10-29T17:58:24.116", "user": "5da15879-3ef7-4bcc-8a5e-75f583d83fce", "content_type": 8, "object_id": "81f56848-9833-4667-b053-211e07e31708", "object_repr": "bca", "action_flag": 2, "change_message": "[{\"changed\": {\"fields\": [\"Is verified\"]}}]"}}, {"model": "admin.logentry", "pk": 3, "fields": {"action_time": "2021-10-29T17:58:29.635", "user": "5da15879-3ef7-4bcc-8a5e-75f583d83fce", "content_type": 8, "object_id": "702785ec-efd4-4f73-84aa-f49d8e79dd99", "object_repr": "qqw", "action_flag": 2, "change_message": "[{\"changed\": {\"fields\": [\"Is verified\"]}}]"}}, {"model": "admin.logentry", "pk": 4, "fields": {"action_time": "2021-10-29T17:58:34.234", "user": "5da15879-3ef7-4bcc-8a5e-75f583d83fce", "content_type": 8, "object_id": "1ae403e0-61b2-46b2-817f-8950dab55eb5", "object_repr": "323", "action_flag": 2, "change_message": "[{\"changed\": {\"fields\": [\"Is verified\"]}}]"}}, {"model": "admin.logentry", "pk": 5, "fields": {"action_time": "2021-10-29T18:00:20.153", "user": "5da15879-3ef7-4bcc-8a5e-75f583d83fce", "content_type": 8, "object_id": "215697c9-534e-41e9-af2e-d4d5a40a6d76", "object_repr": "adafr", "action_flag": 2, "change_message": "[{\"changed\": {\"fields\": [\"Is verified\"]}}]"}}, {"model": "admin.logentry", "pk": 6, "fields": {"action_time": "2021-10-29T18:00:25.750", "user": "5da15879-3ef7-4bcc-8a5e-75f583d83fce", "content_type": 8, "object_id": "3debe494-dfd4-41c7-bfe7-c2af5d98b561", "object_repr": "wewe", "action_flag": 2, "change_message": "[{\"changed\": {\"fields\": [\"Is verified\"]}}]"}}, {"model": "admin.logentry", "pk": 7, "fields": {"action_time": "2021-10-29T18:00:29.912", "user": "5da15879-3ef7-4bcc-8a5e-75f583d83fce", "content_type": 8, "object_id": "fb26c620-f51b-42d1-9f42-a9dcd6642be2", "object_repr": "uyt", "action_flag": 2, "change_message": "[{\"changed\": {\"fields\": [\"Is verified\"]}}]"}}, {"model": "admin.logentry", "pk": 8, "fields": {"action_time": "2021-10-29T18:00:34.413", "user": "5da15879-3ef7-4bcc-8a5e-75f583d83fce", "content_type": 8, "object_id": "dbe624a9-651c-48db-b14b-14652a4541a7", "object_repr": "12334", "action_flag": 2, "change_message": "[{\"changed\": {\"fields\": [\"Is verified\"]}}]"}}, {"model": "admin.logentry", "pk": 9, "fields": {"action_time": "2021-10-29T18:00:38.971", "user": "5da15879-3ef7-4bcc-8a5e-75f583d83fce", "content_type": 8, "object_id": "b0782e75-9cc8-4859-8622-12d41bcb1590", "object_repr": "12", "action_flag": 2, "change_message": "[{\"changed\": {\"fields\": [\"Is verified\"]}}]"}}, {"model": "admin.logentry", "pk": 10, "fields": {"action_time": "2021-10-29T18:01:52.731", "user": "5da15879-3ef7-4bcc-8a5e-75f583d83fce", "content_type": 7, "object_id": "537d3889-1a57-4080-95c4-deaf54b3abc0", "object_repr": "akashcsanjeev@gmail.com", "action_flag": 2, "change_message": "[{\"changed\": {\"fields\": [\"Is verified\"]}}]"}}, {"model": "admin.logentry", "pk": 11, "fields": {"action_time": "2021-10-29T18:01:57.186", "user": "5da15879-3ef7-4bcc-8a5e-75f583d83fce", "content_type": 7, "object_id": "24929ddd-e9ad-449c-927e-84080515b29d", "object_repr": "sachinpadwalkar70@gmail.com", "action_flag": 2, "change_message": "[{\"changed\": {\"fields\": [\"Is verified\"]}}]"}}, {"model": "admin.logentry", "pk": 12, "fields": {"action_time": "2021-10-29T18:03:15.829", "user": "5da15879-3ef7-4bcc-8a5e-75f583d83fce", "content_type": 12, "object_id": "58f02de0-ee01-415d-ac71-2b8f38fbdd9a", "object_repr": "Burger King", "action_flag": 1, "change_message": "[{\"added\": {}}]"}}, {"model": "admin.logentry", "pk": 13, "fields": {"action_time": "2021-10-29T18:04:28.992", "user": "5da15879-3ef7-4bcc-8a5e-75f583d83fce", "content_type": 12, "object_id": "a052fc0d-7f56-4539-9c35-cba43b015a33", "object_repr": "Cafe Coffee Day", "action_flag": 1, "change_message": "[{\"added\": {}}]"}}, {"model": "admin.logentry", "pk": 14, "fields": {"action_time": "2021-10-29T18:05:21.904", "user": "5da15879-3ef7-4bcc-8a5e-75f583d83fce", "content_type": 12, "object_id": "c01c5253-791f-4fd3-89b0-8e70d9b3816b", "object_repr": "Dominos", "action_flag": 1, "change_message": "[{\"added\": {}}]"}}, {"model": "admin.logentry", "pk": 15, "fields": {"action_time": "2021-10-29T18:06:54.047", "user": "5da15879-3ef7-4bcc-8a5e-75f583d83fce", "content_type": 12, "object_id": "1239eb9e-9d1d-4b49-b8e5-8586b032da12", "object_repr": "Fassos", "action_flag": 1, "change_message": "[{\"added\": {}}]"}}, {"model": "admin.logentry", "pk": 16, "fields": {"action_time": "2021-10-29T18:07:31.271", "user": "5da15879-3ef7-4bcc-8a5e-75f583d83fce", "content_type": 12, "object_id": "279cac5f-c39c-43a9-93a5-61446baa9b55", "object_repr": "KFC", "action_flag": 1, "change_message": "[{\"added\": {}}]"}}, {"model": "admin.logentry", "pk": 17, "fields": {"action_time": "2021-10-29T18:08:18.876", "user": "5da15879-3ef7-4bcc-8a5e-75f583d83fce", "content_type": 12, "object_id": "f9d1cb14-7731-42df-815c-8db7a46138f9", "object_repr": "Subway", "action_flag": 1, "change_message": "[{\"added\": {}}]"}}, {"model": "admin.logentry", "pk": 18, "fields": {"action_time": "2021-10-29T18:09:12.766", "user": "5da15879-3ef7-4bcc-8a5e-75f583d83fce", "content_type": 12, "object_id": "ba0c2ad2-fa82-4604-8c75-180f4741a3ac", "object_repr": "Starbucks", "action_flag": 1, "change_message": "[{\"added\": {}}]"}}, {"model": "admin.logentry", "pk": 19, "fields": {"action_time": "2021-10-29T18:09:55.692", "user": "5da15879-3ef7-4bcc-8a5e-75f583d83fce", "content_type": 12, "object_id": "92f33d4d-46d5-43d6-a10e-bfadd182b8d9", "object_repr": "Pizza Hut", "action_flag": 1, "change_message": "[{\"added\": {}}]"}}, {"model": "admin.logentry", "pk": 20, "fields": {"action_time": "2021-10-29T18:13:02.503", "user": "5da15879-3ef7-4bcc-8a5e-75f583d83fce", "content_type": 12, "object_id": "08cb9e7a-e1e4-4ef5-899d-641024dafdf0", "object_repr": "Mc Donalds", "action_flag": 1, "change_message": "[{\"added\": {}}]"}}, {"model": "admin.logentry", "pk": 21, "fields": {"action_time": "2021-10-29T18:13:47.311", "user": "5da15879-3ef7-4bcc-8a5e-75f583d83fce", "content_type": 13, "object_id": "068c5a69-759d-4865-8927-f29544e8b344", "object_repr": "a1", "action_flag": 1, "change_message": "[{\"added\": {}}]"}}, {"model": "admin.logentry", "pk": 22, "fields": {"action_time": "2021-10-29T18:13:51.766", "user": "5da15879-3ef7-4bcc-8a5e-75f583d83fce", "content_type": 13, "object_id": "f391ccd1-b03f-4291-8220-1ac05cc7dd72", "object_repr": "a2", "action_flag": 1, "change_message": "[{\"added\": {}}]"}}, {"model": "admin.logentry", "pk": 23, "fields": {"action_time": "2021-10-29T18:13:55.960", "user": "5da15879-3ef7-4bcc-8a5e-75f583d83fce", "content_type": 13, "object_id": "9898014b-8452-41fb-831a-9fbec598dde2", "object_repr": "a3", "action_flag": 1, "change_message": "[{\"added\": {}}]"}}, {"model": "admin.logentry", "pk": 24, "fields": {"action_time": "2021-10-29T18:14:01.443", "user": "5da15879-3ef7-4bcc-8a5e-75f583d83fce", "content_type": 13, "object_id": "ce303b1e-276b-4e7c-9b25-ce983cd1323a", "object_repr": "a4", "action_flag": 1, "change_message": "[{\"added\": {}}]"}}, {"model": "admin.logentry", "pk": 25, "fields": {"action_time": "2021-10-29T18:14:07.231", "user": "5da15879-3ef7-4bcc-8a5e-75f583d83fce", "content_type": 13, "object_id": "ee8bbb1f-60dd-486c-89eb-6c6f2de11806", "object_repr": "a5", "action_flag": 1, "change_message": "[{\"added\": {}}]"}}, {"model": "admin.logentry", "pk": 26, "fields": {"action_time": "2021-10-29T18:14:15.894", "user": "5da15879-3ef7-4bcc-8a5e-75f583d83fce", "content_type": 13, "object_id": "372d9adf-06c1-4969-8e74-d069cac5b79d", "object_repr": "b1", "action_flag": 1, "change_message": "[{\"added\": {}}]"}}, {"model": "admin.logentry", "pk": 27, "fields": {"action_time": "2021-10-29T18:14:21.302", "user": "5da15879-3ef7-4bcc-8a5e-75f583d83fce", "content_type": 13, "object_id": "da9fc8e4-80ed-486e-abd4-6fa2bc3a8e04", "object_repr": "b2", "action_flag": 1, "change_message": "[{\"added\": {}}]"}}, {"model": "admin.logentry", "pk": 28, "fields": {"action_time": "2021-10-29T18:14:27.657", "user": "5da15879-3ef7-4bcc-8a5e-75f583d83fce", "content_type": 13, "object_id": "f7e3b342-a5ea-49c8-bb9d-24abfba5f8ad", "object_repr": "b3", "action_flag": 1, "change_message": "[{\"added\": {}}]"}}, {"model": "admin.logentry", "pk": 29, "fields": {"action_time": "2021-10-29T18:14:34.794", "user": "5da15879-3ef7-4bcc-8a5e-75f583d83fce", "content_type": 13, "object_id": "f68cc839-1435-4d25-84c9-83c3ff706cfd", "object_repr": "b4", "action_flag": 1, "change_message": "[{\"added\": {}}]"}}, {"model": "admin.logentry", "pk": 30, "fields": {"action_time": "2021-10-29T18:14:42.058", "user": "5da15879-3ef7-4bcc-8a5e-75f583d83fce", "content_type": 13, "object_id": "d3e6620e-147c-4dea-9839-f9be58a293da", "object_repr": "b5", "action_flag": 1, "change_message": "[{\"added\": {}}]"}}, {"model": "admin.logentry", "pk": 31, "fields": {"action_time": "2021-10-29T18:14:53.798", "user": "5da15879-3ef7-4bcc-8a5e-75f583d83fce", "content_type": 13, "object_id": "da9fc8e4-80ed-486e-abd4-6fa2bc3a8e04", "object_repr": "b2", "action_flag": 2, "change_message": "[{\"changed\": {\"fields\": [\"Restaurant\"]}}]"}}, {"model": "admin.logentry", "pk": 32, "fields": {"action_time": "2021-10-29T18:14:59.072", "user": "5da15879-3ef7-4bcc-8a5e-75f583d83fce", "content_type": 13, "object_id": "87bc33ac-198c-4339-9ffb-8b5cc7ae6b7b", "object_repr": "c1", "action_flag": 1, "change_message": "[{\"added\": {}}]"}}, {"model": "admin.logentry", "pk": 33, "fields": {"action_time": "2021-10-29T18:15:05.303", "user": "5da15879-3ef7-4bcc-8a5e-75f583d83fce", "content_type": 13, "object_id": "5735eaa9-edfb-41c8-bf6e-d28e36aff756", "object_repr": "c3", "action_flag": 1, "change_message": "[{\"added\": {}}]"}}, {"model": "admin.logentry", "pk": 34, "fields": {"action_time": "2021-10-29T18:15:09.850", "user": "5da15879-3ef7-4bcc-8a5e-75f583d83fce", "content_type": 13, "object_id": "8c2257b9-37db-4b9d-bee7-11510e087809", "object_repr": "c4", "action_flag": 1, "change_message": "[{\"added\": {}}]"}}, {"model": "admin.logentry", "pk": 35, "fields": {"action_time": "2021-10-29T18:15:16.995", "user": "5da15879-3ef7-4bcc-8a5e-75f583d83fce", "content_type": 13, "object_id": "2f86375d-3903-4e80-b4a3-f140f60ee4db", "object_repr": "c4", "action_flag": 1, "change_message": "[{\"added\": {}}]"}}, {"model": "admin.logentry", "pk": 36, "fields": {"action_time": "2021-10-29T18:15:22.538", "user": "5da15879-3ef7-4bcc-8a5e-75f583d83fce", "content_type": 13, "object_id": "108ec78c-9eba-4565-89be-1202ed2c59e6", "object_repr": "c5", "action_flag": 1, "change_message": "[{\"added\": {}}]"}}, {"model": "admin.logentry", "pk": 37, "fields": {"action_time": "2021-10-29T18:15:35.442", "user": "5da15879-3ef7-4bcc-8a5e-75f583d83fce", "content_type": 13, "object_id": "c0e98d14-0fe2-4710-9ca3-c02ad17c4422", "object_repr": "d1", "action_flag": 1, "change_message": "[{\"added\": {}}]"}}, {"model": "admin.logentry", "pk": 38, "fields": {"action_time": "2021-10-29T18:15:42.959", "user": "5da15879-3ef7-4bcc-8a5e-75f583d83fce", "content_type": 13, "object_id": "3fe8ece4-e4e2-43a9-84e7-c84a60b47517", "object_repr": "d2", "action_flag": 1, "change_message": "[{\"added\": {}}]"}}, {"model": "admin.logentry", "pk": 39, "fields": {"action_time": "2021-10-29T18:15:47.865", "user": "5da15879-3ef7-4bcc-8a5e-75f583d83fce", "content_type": 13, "object_id": "55b4e2d6-0c8d-455c-b766-be1b89b9ee62", "object_repr": "d3", "action_flag": 1, "change_message": "[{\"added\": {}}]"}}, {"model": "admin.logentry", "pk": 40, "fields": {"action_time": "2021-10-29T18:15:52.297", "user": "5da15879-3ef7-4bcc-8a5e-75f583d83fce", "content_type": 13, "object_id": "bf057dcf-d942-4c7e-9e11-3af7c1e7ddbd", "object_repr": "d4", "action_flag": 1, "change_message": "[{\"added\": {}}]"}}, {"model": "admin.logentry", "pk": 41, "fields": {"action_time": "2021-10-29T18:15:57.396", "user": "5da15879-3ef7-4bcc-8a5e-75f583d83fce", "content_type": 13, "object_id": "7a4d96d5-11fb-4c0a-a9bd-3ab8dbe2e8f9", "object_repr": "d5", "action_flag": 1, "change_message": "[{\"added\": {}}]"}}, {"model": "admin.logentry", "pk": 42, "fields": {"action_time": "2021-10-29T18:16:06.852", "user": "5da15879-3ef7-4bcc-8a5e-75f583d83fce", "content_type": 13, "object_id": "41361574-4a39-4a23-8690-57b6dbe795af", "object_repr": "q1", "action_flag": 1, "change_message": "[{\"added\": {}}]"}}, {"model": "admin.logentry", "pk": 43, "fields": {"action_time": "2021-10-29T18:16:11.177", "user": "5da15879-3ef7-4bcc-8a5e-75f583d83fce", "content_type": 13, "object_id": "a8b80e5d-14bc-4092-bfd5-c4150f21c729", "object_repr": "a2", "action_flag": 1, "change_message": "[{\"added\": {}}]"}}, {"model": "admin.logentry", "pk": 44, "fields": {"action_time": "2021-10-29T18:16:19.500", "user": "5da15879-3ef7-4bcc-8a5e-75f583d83fce", "content_type": 13, "object_id": "0742c40d-8ac4-4278-b3d9-250a51203640", "object_repr": "q3", "action_flag": 1, "change_message": "[{\"added\": {}}]"}}, {"model": "admin.logentry", "pk": 45, "fields": {"action_time": "2021-10-29T18:16:27.341", "user": "5da15879-3ef7-4bcc-8a5e-75f583d83fce", "content_type": 13, "object_id": "6fe3f046-8b69-4837-80f9-364a1686b7c8", "object_repr": "q4", "action_flag": 1, "change_message": "[{\"added\": {}}]"}}, {"model": "admin.logentry", "pk": 46, "fields": {"action_time": "2021-10-29T18:16:31.845", "user": "5da15879-3ef7-4bcc-8a5e-75f583d83fce", "content_type": 13, "object_id": "9f588b01-85bf-4a84-b0e8-57af8a014f41", "object_repr": "q5", "action_flag": 1, "change_message": "[{\"added\": {}}]"}}, {"model": "admin.logentry", "pk": 47, "fields": {"action_time": "2021-10-29T18:16:45.436", "user": "5da15879-3ef7-4bcc-8a5e-75f583d83fce", "content_type": 13, "object_id": "a8b80e5d-14bc-4092-bfd5-c4150f21c729", "object_repr": "q2", "action_flag": 2, "change_message": "[{\"changed\": {\"fields\": [\"Seat name\"]}}]"}}, {"model": "admin.logentry", "pk": 48, "fields": {"action_time": "2021-10-29T18:16:52.635", "user": "5da15879-3ef7-4bcc-8a5e-75f583d83fce", "content_type": 13, "object_id": "9f4c363c-48b8-4980-bb12-059a863d3509", "object_repr": "w1", "action_flag": 1, "change_message": "[{\"added\": {}}]"}}, {"model": "admin.logentry", "pk": 49, "fields": {"action_time": "2021-10-29T18:16:56.693", "user": "5da15879-3ef7-4bcc-8a5e-75f583d83fce", "content_type": 13, "object_id": "02bb283c-ffe4-44ff-967a-f7efb3e536fa", "object_repr": "w2", "action_flag": 1, "change_message": "[{\"added\": {}}]"}}, {"model": "admin.logentry", "pk": 50, "fields": {"action_time": "2021-10-29T18:17:00.958", "user": "5da15879-3ef7-4bcc-8a5e-75f583d83fce", "content_type": 13, "object_id": "cdc4167e-a8bb-4444-baa0-68d4e04f2da6", "object_repr": "w3", "action_flag": 1, "change_message": "[{\"added\": {}}]"}}, {"model": "admin.logentry", "pk": 51, "fields": {"action_time": "2021-10-29T18:17:07.900", "user": "5da15879-3ef7-4bcc-8a5e-75f583d83fce", "content_type": 13, "object_id": "84d769db-0e61-4782-9e94-554c223ba7c7", "object_repr": "w4", "action_flag": 1, "change_message": "[{\"added\": {}}]"}}, {"model": "admin.logentry", "pk": 52, "fields": {"action_time": "2021-10-29T18:17:12.444", "user": "5da15879-3ef7-4bcc-8a5e-75f583d83fce", "content_type": 13, "object_id": "be53ad0c-e1cc-4dfb-b3c4-97bbcc9a6e62", "object_repr": "w5", "action_flag": 1, "change_message": "[{\"added\": {}}]"}}, {"model": "admin.logentry", "pk": 53, "fields": {"action_time": "2021-10-29T18:17:18.354", "user": "5da15879-3ef7-4bcc-8a5e-75f583d83fce", "content_type": 13, "object_id": "d35dbaeb-d5b1-4be8-abf8-37138992e192", "object_repr": "z1", "action_flag": 1, "change_message": "[{\"added\": {}}]"}}, {"model": "admin.logentry", "pk": 54, "fields": {"action_time": "2021-10-29T18:17:24.116", "user": "5da15879-3ef7-4bcc-8a5e-75f583d83fce", "content_type": 13, "object_id": "45f660ef-85ed-467e-b48b-3537dad205c4", "object_repr": "z2", "action_flag": 1, "change_message": "[{\"added\": {}}]"}}, {"model": "admin.logentry", "pk": 55, "fields": {"action_time": "2021-10-29T18:17:28.407", "user": "5da15879-3ef7-4bcc-8a5e-75f583d83fce", "content_type": 13, "object_id": "d18d08ea-9ee9-40be-8aaf-0fe2a241a40c", "object_repr": "z3", "action_flag": 1, "change_message": "[{\"added\": {}}]"}}, {"model": "admin.logentry", "pk": 56, "fields": {"action_time": "2021-10-29T18:17:35.133", "user": "5da15879-3ef7-4bcc-8a5e-75f583d83fce", "content_type": 13, "object_id": "119c534c-2768-4b9a-ad8b-fcae86dc3ae2", "object_repr": "z4", "action_flag": 1, "change_message": "[{\"added\": {}}]"}}, {"model": "admin.logentry", "pk": 57, "fields": {"action_time": "2021-10-29T18:17:40.584", "user": "5da15879-3ef7-4bcc-8a5e-75f583d83fce", "content_type": 13, "object_id": "938894a1-8f9d-46b1-80c2-3b627e2944bc", "object_repr": "z5", "action_flag": 1, "change_message": "[{\"added\": {}}]"}}, {"model": "admin.logentry", "pk": 58, "fields": {"action_time": "2021-10-29T18:17:46.283", "user": "5da15879-3ef7-4bcc-8a5e-75f583d83fce", "content_type": 13, "object_id": "a3d714bb-b464-48c2-aaeb-b0a1fbcd0d9c", "object_repr": "x1", "action_flag": 1, "change_message": "[{\"added\": {}}]"}}, {"model": "admin.logentry", "pk": 59, "fields": {"action_time": "2021-10-29T18:17:50.899", "user": "5da15879-3ef7-4bcc-8a5e-75f583d83fce", "content_type": 13, "object_id": "309dcdfd-4398-40a0-8862-a2c5a5a1c632", "object_repr": "x2", "action_flag": 1, "change_message": "[{\"added\": {}}]"}}, {"model": "admin.logentry", "pk": 60, "fields": {"action_time": "2021-10-29T18:17:56.195", "user": "5da15879-3ef7-4bcc-8a5e-75f583d83fce", "content_type": 13, "object_id": "4c6ff7e4-a550-4be0-a2f8-87c83b4f979d", "object_repr": "x3", "action_flag": 1, "change_message": "[{\"added\": {}}]"}}, {"model": "admin.logentry", "pk": 61, "fields": {"action_time": "2021-10-29T18:18:00.919", "user": "5da15879-3ef7-4bcc-8a5e-75f583d83fce", "content_type": 13, "object_id": "e98363ed-05e3-4b54-9022-a67321b8dc61", "object_repr": "x4", "action_flag": 1, "change_message": "[{\"added\": {}}]"}}, {"model": "admin.logentry", "pk": 62, "fields": {"action_time": "2021-10-29T18:18:08.299", "user": "5da15879-3ef7-4bcc-8a5e-75f583d83fce", "content_type": 13, "object_id": "48578e21-aab6-477f-a96e-85fbb14d709c", "object_repr": "x5", "action_flag": 1, "change_message": "[{\"added\": {}}]"}}, {"model": "admin.logentry", "pk": 63, "fields": {"action_time": "2021-10-29T18:18:18.103", "user": "5da15879-3ef7-4bcc-8a5e-75f583d83fce", "content_type": 13, "object_id": "e7c70312-2cd2-4618-9738-d23f86fafb8e", "object_repr": "s1", "action_flag": 1, "change_message": "[{\"added\": {}}]"}}, {"model": "admin.logentry", "pk": 64, "fields": {"action_time": "2021-10-29T18:18:23.333", "user": "5da15879-3ef7-4bcc-8a5e-75f583d83fce", "content_type": 13, "object_id": "b54b3db8-1dff-4b2c-bfbf-281b195da3e2", "object_repr": "s2", "action_flag": 1, "change_message": "[{\"added\": {}}]"}}, {"model": "admin.logentry", "pk": 65, "fields": {"action_time": "2021-10-29T18:18:31.440", "user": "5da15879-3ef7-4bcc-8a5e-75f583d83fce", "content_type": 13, "object_id": "a36ebcc6-a058-4c5c-99a3-72e45497b8ea", "object_repr": "s3", "action_flag": 1, "change_message": "[{\"added\": {}}]"}}, {"model": "admin.logentry", "pk": 66, "fields": {"action_time": "2021-10-29T18:18:36.631", "user": "5da15879-3ef7-4bcc-8a5e-75f583d83fce", "content_type": 13, "object_id": "71272839-7138-4121-8244-49df59740b65", "object_repr": "s4", "action_flag": 1, "change_message": "[{\"added\": {}}]"}}, {"model": "admin.logentry", "pk": 67, "fields": {"action_time": "2021-10-29T18:18:42.493", "user": "5da15879-3ef7-4bcc-8a5e-75f583d83fce", "content_type": 13, "object_id": "7b079095-a6c7-4636-92c0-02452c281229", "object_repr": "s5", "action_flag": 1, "change_message": "[{\"added\": {}}]"}}, {"model": "admin.logentry", "pk": 68, "fields": {"action_time": "2021-10-29T19:09:56.294", "user": "5da15879-3ef7-4bcc-8a5e-75f583d83fce", "content_type": 11, "object_id": "145d3412-8556-4b46-bfbe-a8fc2a6f451f", "object_repr": "Atharva", "action_flag": 1, "change_message": "[{\"added\": {}}]"}}, {"model": "admin.logentry", "pk": 69, "fields": {"action_time": "2021-10-29T19:11:25.364", "user": "5da15879-3ef7-4bcc-8a5e-75f583d83fce", "content_type": 13, "object_id": "068c5a69-759d-4865-8927-f29544e8b344", "object_repr": "a1", "action_flag": 2, "change_message": "[{\"changed\": {\"fields\": [\"Is available\"]}}]"}}, {"model": "admin.logentry", "pk": 70, "fields": {"action_time": "2021-10-29T19:16:36.665", "user": "5da15879-3ef7-4bcc-8a5e-75f583d83fce", "content_type": 11, "object_id": "145d3412-8556-4b46-bfbe-a8fc2a6f451f", "object_repr": "Atharva", "action_flag": 3, "change_message": ""}}, {"model": "admin.logentry", "pk": 71, "fields": {"action_time": "2021-10-29T20:04:55.339", "user": "5da15879-3ef7-4bcc-8a5e-75f583d83fce", "content_type": 11, "object_id": "a0a3b745-883c-4772-8218-a9da1d383868", "object_repr": "Atharva", "action_flag": 1, "change_message": "[{\"added\": {}}]"}}, {"model": "admin.logentry", "pk": 72, "fields": {"action_time": "2021-10-29T20:30:43.307", "user": "5da15879-3ef7-4bcc-8a5e-75f583d83fce", "content_type": 11, "object_id": "8d32ab6d-1e4d-428d-86ad-44d5ccaa8709", "object_repr": "Atharva", "action_flag": 1, "change_message": "[{\"added\": {}}]"}}, {"model": "admin.logentry", "pk": 73, "fields": {"action_time": "2021-10-29T20:31:05.656", "user": "5da15879-3ef7-4bcc-8a5e-75f583d83fce", "content_type": 11, "object_id": "ac5409b2-eb15-4418-99ac-3765762d6ea2", "object_repr": "Atharva", "action_flag": 1, "change_message": "[{\"added\": {}}]"}}, {"model": "admin.logentry", "pk": 74, "fields": {"action_time": "2021-10-29T21:28:13.434", "user": "5da15879-3ef7-4bcc-8a5e-75f583d83fce", "content_type": 11, "object_id": "8086b5a2-e22b-4dd9-8a96-142daa100ae2", "object_repr": "Atharva", "action_flag": 1, "change_message": "[{\"added\": {}}]"}}, {"model": "admin.logentry", "pk": 75, "fields": {"action_time": "2021-10-29T21:28:33.922", "user": "5da15879-3ef7-4bcc-8a5e-75f583d83fce", "content_type": 11, "object_id": "85bbcb73-e01a-46ff-8be6-90a02e935474", "object_repr": "Atharva", "action_flag": 1, "change_message": "[{\"added\": {}}]"}}, {"model": "admin.logentry", "pk": 76, "fields": {"action_time": "2021-10-29T21:28:40.898", "user": "5da15879-3ef7-4bcc-8a5e-75f583d83fce", "content_type": 11, "object_id": "ac5409b2-eb15-4418-99ac-3765762d6ea2", "object_repr": "Atharva", "action_flag": 3, "change_message": ""}}, {"model": "admin.logentry", "pk": 77, "fields": {"action_time": "2021-10-29T21:28:40.900", "user": "5da15879-3ef7-4bcc-8a5e-75f583d83fce", "content_type": 11, "object_id": "a0a3b745-883c-4772-8218-a9da1d383868", "object_repr": "Atharva", "action_flag": 3, "change_message": ""}}, {"model": "admin.logentry", "pk": 78, "fields": {"action_time": "2021-10-29T21:28:40.902", "user": "5da15879-3ef7-4bcc-8a5e-75f583d83fce", "content_type": 11, "object_id": "8d32ab6d-1e4d-428d-86ad-44d5ccaa8709", "object_repr": "Atharva", "action_flag": 3, "change_message": ""}}, {"model": "admin.logentry", "pk": 79, "fields": {"action_time": "2021-10-29T21:28:40.903", "user": "5da15879-3ef7-4bcc-8a5e-75f583d83fce", "content_type": 11, "object_id": "85bbcb73-e01a-46ff-8be6-90a02e935474", "object_repr": "Atharva", "action_flag": 3, "change_message": ""}}, {"model": "admin.logentry", "pk": 80, "fields": {"action_time": "2021-10-29T21:28:40.904", "user": "5da15879-3ef7-4bcc-8a5e-75f583d83fce", "content_type": 11, "object_id": "8086b5a2-e22b-4dd9-8a96-142daa100ae2", "object_repr": "Atharva", "action_flag": 3, "change_message": ""}}, {"model": "admin.logentry", "pk": 81, "fields": {"action_time": "2021-10-29T21:28:52.839", "user": "5da15879-3ef7-4bcc-8a5e-75f583d83fce", "content_type": 11, "object_id": "178c7386-2142-4a8c-97c4-5f553665b5f6", "object_repr": "Atharva", "action_flag": 1, "change_message": "[{\"added\": {}}]"}}, {"model": "admin.logentry", "pk": 82, "fields": {"action_time": "2021-10-29T21:29:06.592", "user": "5da15879-3ef7-4bcc-8a5e-75f583d83fce", "content_type": 11, "object_id": "0990922d-209f-429b-b30d-30750f106f57", "object_repr": "Atharva", "action_flag": 1, "change_message": "[{\"added\": {}}]"}}, {"model": "admin.logentry", "pk": 83, "fields": {"action_time": "2021-10-29T22:14:15.580", "user": "5da15879-3ef7-4bcc-8a5e-75f583d83fce", "content_type": 12, "object_id": "08cb9e7a-e1e4-4ef5-899d-641024dafdf0", "object_repr": "Mc Donalds", "action_flag": 2, "change_message": "[{\"added\": {\"name\": \"restaurant seats model\", \"object\": \"a6\"}}]"}}, {"model": "admin.logentry", "pk": 84, "fields": {"action_time": "2021-10-29T22:34:02.615", "user": "5da15879-3ef7-4bcc-8a5e-75f583d83fce", "content_type": 11, "object_id": "70610847-385c-4d0e-a3e4-0effd0565257", "object_repr": "Atharva", "action_flag": 1, "change_message": "[{\"added\": {}}]"}}, {"model": "admin.logentry", "pk": 85, "fields": {"action_time": "2021-10-30T04:17:54.330", "user": "5da15879-3ef7-4bcc-8a5e-75f583d83fce", "content_type": 15, "object_id": "255592c7-bc66-4f99-86d8-d49b4e345cea", "object_repr": "Atharva", "action_flag": 1, "change_message": "[{\"added\": {}}]"}}, {"model": "admin.logentry", "pk": 86, "fields": {"action_time": "2021-10-30T04:24:50.078", "user": "5da15879-3ef7-4bcc-8a5e-75f583d83fce", "content_type": 15, "object_id": "9c43da3c-2b25-42eb-b389-d857b7ffaa3b", "object_repr": "Atharva", "action_flag": 3, "change_message": ""}}, {"model": "admin.logentry", "pk": 87, "fields": {"action_time": "2022-02-09T11:41:14.534", "user": "5da15879-3ef7-4bcc-8a5e-75f583d83fce", "content_type": 7, "object_id": "5bb4aebb-2b9a-482b-aefb-7b1b2f3173c6", "object_repr": "patharv777@gmail.com", "action_flag": 3, "change_message": ""}}, {"model": "admin.logentry", "pk": 88, "fields": {"action_time": "2022-02-09T11:46:00.816", "user": "5da15879-3ef7-4bcc-8a5e-75f583d83fce", "content_type": 7, "object_id": "865441fe-920a-4a65-af2b-44a49c23d658", "object_repr": "patharv77127@gmail.com", "action_flag": 2, "change_message": "[{\"changed\": {\"fields\": [\"Is verified\"]}}]"}}, {"model": "admin.logentry", "pk": 89, "fields": {"action_time": "2022-02-09T11:59:29.104", "user": "5da15879-3ef7-4bcc-8a5e-75f583d83fce", "content_type": 8, "object_id": "bc917cad-a61e-4fdb-a623-7fffa38dd071", "object_repr": "Atharv", "action_flag": 2, "change_message": "[{\"changed\": {\"fields\": [\"Is staff\"]}}]"}}, {"model": "admin.logentry", "pk": 90, "fields": {"action_time": "2022-02-09T11:59:48.692", "user": "5da15879-3ef7-4bcc-8a5e-75f583d83fce", "content_type": 8, "object_id": "bc917cad-a61e-4fdb-a623-7fffa38dd071", "object_repr": "Atharv", "action_flag": 2, "change_message": "[{\"changed\": {\"fields\": [\"Is verified\", \"Is staff\"]}}]"}}, {"model": "admin.logentry", "pk": 91, "fields": {"action_time": "2022-02-09T14:08:01.866", "user": "5da15879-3ef7-4bcc-8a5e-75f583d83fce", "content_type": 15, "object_id": "36a0a193-93cc-474f-bcfa-35381f24d4cd", "object_repr": "Atharv", "action_flag": 3, "change_message": ""}}, {"model": "admin.logentry", "pk": 92, "fields": {"action_time": "2022-02-09T14:08:47.191", "user": "5da15879-3ef7-4bcc-8a5e-75f583d83fce", "content_type": 12, "object_id": "58f02de0-ee01-415d-ac71-2b8f38fbdd9a", "object_repr": "Burger King", "action_flag": 2, "change_message": "[{\"added\": {\"name\": \"restaurant seats model\", \"object\": \"s6\"}}, {\"added\": {\"name\": \"restaurant seats model\", \"object\": \"s7\"}}, {\"added\": {\"name\": \"restaurant seats model\", \"object\": \"s8\"}}, {\"added\": {\"name\": \"restaurant seats model\", \"object\": \"s9\"}}, {\"added\": {\"name\": \"restaurant seats model\", \"object\": \"s10\"}}]"}}, {"model": "admin.logentry", "pk": 93, "fields": {"action_time": "2022-02-09T14:09:08.174", "user": "5da15879-3ef7-4bcc-8a5e-75f583d83fce", "content_type": 12, "object_id": "a6010065-d26d-45e0-b3b8-8a50281a0f88", "object_repr": "Rasoda", "action_flag": 2, "change_message": "[{\"added\": {\"name\": \"restaurant seats model\", \"object\": \"A4\"}}, {\"added\": {\"name\": \"restaurant seats model\", \"object\": \"A5\"}}]"}}, {"model": "admin.logentry", "pk": 94, "fields": {"action_time": "2022-02-09T14:09:29.319", "user": "5da15879-3ef7-4bcc-8a5e-75f583d83fce", "content_type": 12, "object_id": "08cb9e7a-e1e4-4ef5-899d-641024dafdf0", "object_repr": "Mc Donalds", "action_flag": 2, "change_message": "[{\"added\": {\"name\": \"restaurant seats model\", \"object\": \"a7\"}}, {\"added\": {\"name\": \"restaurant seats model\", \"object\": \"a8\"}}, {\"added\": {\"name\": \"restaurant seats model\", \"object\": \"a9\"}}, {\"added\": {\"name\": \"restaurant seats model\", \"object\": \"a10\"}}]"}}, {"model": "admin.logentry", "pk": 95, "fields": {"action_time": "2022-02-09T14:09:40.581", "user": "5da15879-3ef7-4bcc-8a5e-75f583d83fce", "content_type": 12, "object_id": "92f33d4d-46d5-43d6-a10e-bfadd182b8d9", "object_repr": "Pizza Hut", "action_flag": 2, "change_message": "[]"}}, {"model": "admin.logentry", "pk": 96, "fields": {"action_time": "2022-02-09T14:09:51.762", "user": "5da15879-3ef7-4bcc-8a5e-75f583d83fce", "content_type": 12, "object_id": "ba0c2ad2-fa82-4604-8c75-180f4741a3ac", "object_repr": "Starbucks", "action_flag": 2, "change_message": "[]"}}, {"model": "admin.logentry", "pk": 97, "fields": {"action_time": "2022-02-09T14:09:59.680", "user": "5da15879-3ef7-4bcc-8a5e-75f583d83fce", "content_type": 12, "object_id": "f9d1cb14-7731-42df-815c-8db7a46138f9", "object_repr": "Subway", "action_flag": 2, "change_message": "[]"}}, {"model": "admin.logentry", "pk": 98, "fields": {"action_time": "2022-02-09T14:10:05.328", "user": "5da15879-3ef7-4bcc-8a5e-75f583d83fce", "content_type": 12, "object_id": "279cac5f-c39c-43a9-93a5-61446baa9b55", "object_repr": "KFC", "action_flag": 2, "change_message": "[]"}}, {"model": "admin.logentry", "pk": 99, "fields": {"action_time": "2022-02-09T14:10:14.808", "user": "5da15879-3ef7-4bcc-8a5e-75f583d83fce", "content_type": 12, "object_id": "58f02de0-ee01-415d-ac71-2b8f38fbdd9a", "object_repr": "Burger King", "action_flag": 2, "change_message": "[]"}}, {"model": "admin.logentry", "pk": 100, "fields": {"action_time": "2022-02-09T14:11:21.696", "user": "5da15879-3ef7-4bcc-8a5e-75f583d83fce", "content_type": 12, "object_id": "1239eb9e-9d1d-4b49-b8e5-8586b032da12", "object_repr": "Fassos", "action_flag": 2, "change_message": "[]"}}, {"model": "admin.logentry", "pk": 101, "fields": {"action_time": "2022-02-09T14:12:09.723", "user": "5da15879-3ef7-4bcc-8a5e-75f583d83fce", "content_type": 12, "object_id": "a6010065-d26d-45e0-b3b8-8a50281a0f88", "object_repr": "Rasoda", "action_flag": 2, "change_message": "[{\"changed\": {\"fields\": [\"Logo\"]}}]"}}, {"model": "auth.permission", "pk": 1, "fields": {"name": "Can add log entry", "content_type": 1, "codename": "add_logentry"}}, {"model": "auth.permission", "pk": 2, "fields": {"name": "Can change log entry", "content_type": 1, "codename": "change_logentry"}}, {"model": "auth.permission", "pk": 3, "fields": {"name": "Can delete log entry", "content_type": 1, "codename": "delete_logentry"}}, {"model": "auth.permission", "pk": 4, "fields": {"name": "Can view log entry", "content_type": 1, "codename": "view_logentry"}}, {"model": "auth.permission", "pk": 5, "fields": {"name": "Can add permission", "content_type": 2, "codename": "add_permission"}}, {"model": "auth.permission", "pk": 6, "fields": {"name": "Can change permission", "content_type": 2, "codename": "change_permission"}}, {"model": "auth.permission", "pk": 7, "fields": {"name": "Can delete permission", "content_type": 2, "codename": "delete_permission"}}, {"model": "auth.permission", "pk": 8, "fields": {"name": "Can view permission", "content_type": 2, "codename": "view_permission"}}, {"model": "auth.permission", "pk": 9, "fields": {"name": "Can add group", "content_type": 3, "codename": "add_group"}}, {"model": "auth.permission", "pk": 10, "fields": {"name": "Can change group", "content_type": 3, "codename": "change_group"}}, {"model": "auth.permission", "pk": 11, "fields": {"name": "Can delete group", "content_type": 3, "codename": "delete_group"}}, {"model": "auth.permission", "pk": 12, "fields": {"name": "Can view group", "content_type": 3, "codename": "view_group"}}, {"model": "auth.permission", "pk": 13, "fields": {"name": "Can add content type", "content_type": 4, "codename": "add_contenttype"}}, {"model": "auth.permission", "pk": 14, "fields": {"name": "Can change content type", "content_type": 4, "codename": "change_contenttype"}}, {"model": "auth.permission", "pk": 15, "fields": {"name": "Can delete content type", "content_type": 4, "codename": "delete_contenttype"}}, {"model": "auth.permission", "pk": 16, "fields": {"name": "Can view content type", "content_type": 4, "codename": "view_contenttype"}}, {"model": "auth.permission", "pk": 17, "fields": {"name": "Can add session", "content_type": 5, "codename": "add_session"}}, {"model": "auth.permission", "pk": 18, "fields": {"name": "Can change session", "content_type": 5, "codename": "change_session"}}, {"model": "auth.permission", "pk": 19, "fields": {"name": "Can delete session", "content_type": 5, "codename": "delete_session"}}, {"model": "auth.permission", "pk": 20, "fields": {"name": "Can view session", "content_type": 5, "codename": "view_session"}}, {"model": "auth.permission", "pk": 21, "fields": {"name": "Can add base user", "content_type": 6, "codename": "add_baseuser"}}, {"model": "auth.permission", "pk": 22, "fields": {"name": "Can change base user", "content_type": 6, "codename": "change_baseuser"}}, {"model": "auth.permission", "pk": 23, "fields": {"name": "Can delete base user", "content_type": 6, "codename": "delete_baseuser"}}, {"model": "auth.permission", "pk": 24, "fields": {"name": "Can view base user", "content_type": 6, "codename": "view_baseuser"}}, {"model": "auth.permission", "pk": 25, "fields": {"name": "Can add customer model", "content_type": 7, "codename": "add_customermodel"}}, {"model": "auth.permission", "pk": 26, "fields": {"name": "Can change customer model", "content_type": 7, "codename": "change_customermodel"}}, {"model": "auth.permission", "pk": 27, "fields": {"name": "Can delete customer model", "content_type": 7, "codename": "delete_customermodel"}}, {"model": "auth.permission", "pk": 28, "fields": {"name": "Can view customer model", "content_type": 7, "codename": "view_customermodel"}}, {"model": "auth.permission", "pk": 29, "fields": {"name": "Can add seller model", "content_type": 8, "codename": "add_sellermodel"}}, {"model": "auth.permission", "pk": 30, "fields": {"name": "Can change seller model", "content_type": 8, "codename": "change_sellermodel"}}, {"model": "auth.permission", "pk": 31, "fields": {"name": "Can delete seller model", "content_type": 8, "codename": "delete_sellermodel"}}, {"model": "auth.permission", "pk": 32, "fields": {"name": "Can view seller model", "content_type": 8, "codename": "view_sellermodel"}}, {"model": "auth.permission", "pk": 33, "fields": {"name": "Can add seller otp", "content_type": 9, "codename": "add_sellerotp"}}, {"model": "auth.permission", "pk": 34, "fields": {"name": "Can change seller otp", "content_type": 9, "codename": "change_sellerotp"}}, {"model": "auth.permission", "pk": 35, "fields": {"name": "Can delete seller otp", "content_type": 9, "codename": "delete_sellerotp"}}, {"model": "auth.permission", "pk": 36, "fields": {"name": "Can view seller otp", "content_type": 9, "codename": "view_sellerotp"}}, {"model": "auth.permission", "pk": 37, "fields": {"name": "Can add otp model", "content_type": 10, "codename": "add_otpmodel"}}, {"model": "auth.permission", "pk": 38, "fields": {"name": "Can change otp model", "content_type": 10, "codename": "change_otpmodel"}}, {"model": "auth.permission", "pk": 39, "fields": {"name": "Can delete otp model", "content_type": 10, "codename": "delete_otpmodel"}}, {"model": "auth.permission", "pk": 40, "fields": {"name": "Can view otp model", "content_type": 10, "codename": "view_otpmodel"}}, {"model": "auth.permission", "pk": 41, "fields": {"name": "Can add booking model", "content_type": 11, "codename": "add_bookingmodel"}}, {"model": "auth.permission", "pk": 42, "fields": {"name": "Can change booking model", "content_type": 11, "codename": "change_bookingmodel"}}, {"model": "auth.permission", "pk": 43, "fields": {"name": "Can delete booking model", "content_type": 11, "codename": "delete_bookingmodel"}}, {"model": "auth.permission", "pk": 44, "fields": {"name": "Can view booking model", "content_type": 11, "codename": "view_bookingmodel"}}, {"model": "auth.permission", "pk": 45, "fields": {"name": "Can add restaurant model", "content_type": 12, "codename": "add_restaurantmodel"}}, {"model": "auth.permission", "pk": 46, "fields": {"name": "Can change restaurant model", "content_type": 12, "codename": "change_restaurantmodel"}}, {"model": "auth.permission", "pk": 47, "fields": {"name": "Can delete restaurant model", "content_type": 12, "codename": "delete_restaurantmodel"}}, {"model": "auth.permission", "pk": 48, "fields": {"name": "Can view restaurant model", "content_type": 12, "codename": "view_restaurantmodel"}}, {"model": "auth.permission", "pk": 49, "fields": {"name": "Can add restaurant seats model", "content_type": 13, "codename": "add_restaurantseatsmodel"}}, {"model": "auth.permission", "pk": 50, "fields": {"name": "Can change restaurant seats model", "content_type": 13, "codename": "change_restaurantseatsmodel"}}, {"model": "auth.permission", "pk": 51, "fields": {"name": "Can delete restaurant seats model", "content_type": 13, "codename": "delete_restaurantseatsmodel"}}, {"model": "auth.permission", "pk": 52, "fields": {"name": "Can view restaurant seats model", "content_type": 13, "codename": "view_restaurantseatsmodel"}}, {"model": "auth.permission", "pk": 53, "fields": {"name": "Can add order item model", "content_type": 14, "codename": "add_orderitemmodel"}}, {"model": "auth.permission", "pk": 54, "fields": {"name": "Can change order item model", "content_type": 14, "codename": "change_orderitemmodel"}}, {"model": "auth.permission", "pk": 55, "fields": {"name": "Can delete order item model", "content_type": 14, "codename": "delete_orderitemmodel"}}, {"model": "auth.permission", "pk": 56, "fields": {"name": "Can view order item model", "content_type": 14, "codename": "view_orderitemmodel"}}, {"model": "auth.permission", "pk": 57, "fields": {"name": "Can add order model", "content_type": 15, "codename": "add_ordermodel"}}, {"model": "auth.permission", "pk": 58, "fields": {"name": "Can change order model", "content_type": 15, "codename": "change_ordermodel"}}, {"model": "auth.permission", "pk": 59, "fields": {"name": "Can delete order model", "content_type": 15, "codename": "delete_ordermodel"}}, {"model": "auth.permission", "pk": 60, "fields": {"name": "Can view order model", "content_type": 15, "codename": "view_ordermodel"}}, {"model": "contenttypes.contenttype", "pk": 1, "fields": {"app_label": "admin", "model": "logentry"}}, {"model": "contenttypes.contenttype", "pk": 2, "fields": {"app_label": "auth", "model": "permission"}}, {"model": "contenttypes.contenttype", "pk": 3, "fields": {"app_label": "auth", "model": "group"}}, {"model": "contenttypes.contenttype", "pk": 4, "fields": {"app_label": "contenttypes", "model": "contenttype"}}, {"model": "contenttypes.contenttype", "pk": 5, "fields": {"app_label": "sessions", "model": "session"}}, {"model": "contenttypes.contenttype", "pk": 6, "fields": {"app_label": "base", "model": "baseuser"}}, {"model": "contenttypes.contenttype", "pk": 7, "fields": {"app_label": "authentication", "model": "customermodel"}}, {"model": "contenttypes.contenttype", "pk": 8, "fields": {"app_label": "authentication", "model": "sellermodel"}}, {"model": "contenttypes.contenttype", "pk": 9, "fields": {"app_label": "authentication", "model": "sellerotp"}}, {"model": "contenttypes.contenttype", "pk": 10, "fields": {"app_label": "authentication", "model": "otpmodel"}}, {"model": "contenttypes.contenttype", "pk": 11, "fields": {"app_label": "app", "model": "bookingmodel"}}, {"model": "contenttypes.contenttype", "pk": 12, "fields": {"app_label": "app", "model": "restaurantmodel"}}, {"model": "contenttypes.contenttype", "pk": 13, "fields": {"app_label": "app", "model": "restaurantseatsmodel"}}, {"model": "contenttypes.contenttype", "pk": 14, "fields": {"app_label": "app", "model": "orderitemmodel"}}, {"model": "contenttypes.contenttype", "pk": 15, "fields": {"app_label": "app", "model": "ordermodel"}}, {"model": "sessions.session", "pk": "9hpwqsciffitb342lb3a3h9fmptp5mfp", "fields": {"session_data": ".eJxVzDkOwjAQheG7uMaWY3u8UNJzhmjGMyYsSqQsFeLuKFIKqN__vbfqcVuHfltk7u-szgoYO8ipaC8t6UC16owgOkGD7Dn7VkWdfhlhfcq4W37geJtMncZ1vpPZE3Osi7lOLK_L0f4dDLgMuy6ARJBiTJY5NnISMtWIgZAhuQ4aYrDixMbKWKKz3hNjboUjV6s-X2LxQqE:1mgW3e:LRI-Bs3vsYlKUcFNVvyY-4j2AjMkpl2NKPh_sdDWt_c", "expire_date": "2021-11-12T17:52:50.270"}}, {"model": "base.baseuser", "pk": "1ae403e0-61b2-46b2-817f-8950dab55eb5", "fields": {"password": "pbkdf2_sha256$260000$Aq2a48bIkGcp2hJGBTew4W$JNFYTnJFPcvX4O+NSaAbYevK5rQwYVc/TUmGc/cp5dA=", "last_login": null, "created_at": "2021-10-29T17:58:34.229", "updated_at": "2021-10-29T17:57:15.993", "email": "a4@gmail.com", "name": "323", "phone": "8007609672", "is_verified": true, "is_staff": false, "is_superuser": false, "is_active": true, "groups": [], "user_permissions": []}}, {"model": "base.baseuser", "pk": "215697c9-534e-41e9-af2e-d4d5a40a6d76", "fields": {"password": "pbkdf2_sha256$260000$xWFcWBd0bUv2SEHSU2AsAi$SKS8zviyTrgjNik0+xtdtq7Mi2xvJQ4btce2ZHKyqvw=", "last_login": null, "created_at": "2021-10-29T18:00:20.148", "updated_at": "2021-10-29T18:00:07.541", "email": "a9@gmail.com", "name": "adafr", "phone": "8007609672", "is_verified": true, "is_staff": false, "is_superuser": false, "is_active": true, "groups": [], "user_permissions": []}}, {"model": "base.baseuser", "pk": "24929ddd-e9ad-449c-927e-84080515b29d", "fields": {"password": "pbkdf2_sha256$260000$FvjjImke39lan2CE6GFfwH$HdcjAS9d6+oMlkXs7Az6BOtKqJDLYoHlXGodxsovTZA=", "last_login": null, "created_at": "2021-10-29T18:01:57.182", "updated_at": "2021-10-29T18:01:18.273", "email": "sachinpadwalkar70@gmail.com", "name": "Sachin", "phone": null, "is_verified": true, "is_staff": false, "is_superuser": false, "is_active": true, "groups": [], "user_permissions": []}}, {"model": "base.baseuser", "pk": "3debe494-dfd4-41c7-bfe7-c2af5d98b561", "fields": {"password": "pbkdf2_sha256$260000$qdYTYONAdsVM3g6rh5mkyH$KlWYUYm4mhZuMZVV1KnEINMnkUlsv23MvJZ8cNmYLDY=", "last_login": null, "created_at": "2021-10-29T18:00:25.745", "updated_at": "2021-10-29T17:59:29.506", "email": "a7@gmail.com", "name": "wewe", "phone": "8007609672", "is_verified": true, "is_staff": false, "is_superuser": false, "is_active": true, "groups": [], "user_permissions": []}}, {"model": "base.baseuser", "pk": "52ca29e5-9234-4348-bc00-328990a9a032", "fields": {"password": "pbkdf2_sha256$260000$160xYSRiHa0zP3LaGAZpzL$2gOw4s34AtOh8+x430aQoEQLFk4fvIaP/oMH6SUuF48=", "last_login": null, "created_at": "2021-10-29T17:55:25.365", "updated_at": "2021-10-29T17:55:14.393", "email": "a1@gmail.com", "name": "abc", "phone": "8007609672", "is_verified": true, "is_staff": false, "is_superuser": false, "is_active": true, "groups": [], "user_permissions": []}}, {"model": "base.baseuser", "pk": "537d3889-1a57-4080-95c4-deaf54b3abc0", "fields": {"password": "pbkdf2_sha256$260000$fFYbWIxlgtj9XrJh9kWfmY$ndVBT1HQGOGDpEccu7txEBzN43N2jzltJ+QIdZ151nM=", "last_login": null, "created_at": "2021-10-29T18:01:52.725", "updated_at": "2021-10-29T18:01:42.784", "email": "akashcsanjeev@gmail.com", "name": "Akash", "phone": null, "is_verified": true, "is_staff": false, "is_superuser": false, "is_active": true, "groups": [], "user_permissions": []}}, {"model": "base.baseuser", "pk": "5da15879-3ef7-4bcc-8a5e-75f583d83fce", "fields": {"password": "pbkdf2_sha256$260000$XCIazDVPDSDeL8xIUDToGi$FVjpWRKzhsSAlaRh8peCarFL9dodggDofJ5DoWn6hqU=", "last_login": "2022-02-09T11:41:01.253", "created_at": "2021-10-29T17:37:55.317", "updated_at": "2021-10-29T17:37:55.316", "email": "admin@admin.com", "name": "", "phone": null, "is_verified": false, "is_staff": true, "is_superuser": true, "is_active": true, "groups": [], "user_permissions": []}}, {"model": "base.baseuser", "pk": "702785ec-efd4-4f73-84aa-f49d8e79dd99", "fields": {"password": "pbkdf2_sha256$260000$FZygrRbrnI0e4T3jSuNFga$2/9ZVmiCYIyz5MgG/STRKFbD3RnfgBENfod6GNHlmfg=", "last_login": null, "created_at": "2021-10-29T17:58:29.629", "updated_at": "2021-10-29T17:56:57.729", "email": "a3@gmail.com", "name": "qqw", "phone": "8007609672", "is_verified": true, "is_staff": false, "is_superuser": false, "is_active": true, "groups": [], "user_permissions": []}}, {"model": "base.baseuser", "pk": "81f56848-9833-4667-b053-211e07e31708", "fields": {"password": "pbkdf2_sha256$260000$14H1gVYMUWJUdwthfOZ7qI$OjAcOyDaDluZ2o6/cTa5mCcjzpjfifCjLMyDmuM3hts=", "last_login": null, "created_at": "2021-10-29T17:58:24.110", "updated_at": "2021-10-29T17:56:04.330", "email": "a2@gmail.com", "name": "bca", "phone": "8007609672", "is_verified": true, "is_staff": false, "is_superuser": false, "is_active": true, "groups": [], "user_permissions": []}}, {"model": "base.baseuser", "pk": "865441fe-920a-4a65-af2b-44a49c23d658", "fields": {"password": "pbkdf2_sha256$260000$BmaHn4msc9Hq3HFBCuDbSZ$lzGmLrM/AYsZ6pg3xSETg+pXImPCVvw7bGHiy+ip8JM=", "last_login": null, "created_at": "2022-02-09T11:46:00.811", "updated_at": "2022-02-09T11:44:40.932", "email": "patharv77127@gmail.com", "name": "Atharv", "phone": null, "is_verified": true, "is_staff": false, "is_superuser": false, "is_active": true, "groups": [], "user_permissions": []}}, {"model": "base.baseuser", "pk": "b0782e75-9cc8-4859-8622-12d41bcb1590", "fields": {"password": "pbkdf2_sha256$260000$OR8VHJwDn2Jppl6qHLrbbb$88urf8hyLmpUa4gnjfyuFP346CxgWRe/k9uUqVUjsEM=", "last_login": null, "created_at": "2021-10-29T18:00:38.964", "updated_at": "2021-10-29T17:58:57.759", "email": "a5@gmail.com", "name": "12", "phone": "8007609672", "is_verified": true, "is_staff": false, "is_superuser": false, "is_active": true, "groups": [], "user_permissions": []}}, {"model": "base.baseuser", "pk": "bc917cad-a61e-4fdb-a623-7fffa38dd071", "fields": {"password": "pbkdf2_sha256$260000$O4AhjpLOD3Hz92xqRaStiD$b+nm34Jv+BiFIRZ2nRQKc4i6Iyq/KIvook9JvgJ0Mls=", "last_login": null, "created_at": "2022-02-09T11:59:48.684", "updated_at": "2022-02-09T11:59:09.950", "email": "seller1@gmail.com", "name": "Atharv", "phone": "1234567890", "is_verified": true, "is_staff": false, "is_superuser": false, "is_active": true, "groups": [], "user_permissions": []}}, {"model": "base.baseuser", "pk": "dbe624a9-651c-48db-b14b-14652a4541a7", "fields": {"password": "pbkdf2_sha256$260000$nrV1sPfPsjCbNHAidFg4r1$WiPugUG6lyOq7x7I0u2meazw+g4uDMGFifcWurAK09c=", "last_login": null, "created_at": "2021-10-29T18:00:34.407", "updated_at": "2021-10-29T17:59:15.368", "email": "a6@gmail.com", "name": "12334", "phone": "8007609672", "is_verified": true, "is_staff": false, "is_superuser": false, "is_active": true, "groups": [], "user_permissions": []}}, {"model": "base.baseuser", "pk": "fb26c620-f51b-42d1-9f42-a9dcd6642be2", "fields": {"password": "pbkdf2_sha256$260000$gUlNFjR2BIh5QoVPwA5nyF$WoJLx6YjCgDa0At3LRNVdLJ+KutrHKhNzi52tKUX6SQ=", "last_login": null, "created_at": "2021-10-29T18:00:29.907", "updated_at": "2021-10-29T17:59:42.226", "email": "a8@gmail.com", "name": "uyt", "phone": "8007609672", "is_verified": true, "is_staff": false, "is_superuser": false, "is_active": true, "groups": [], "user_permissions": []}}, {"model": "authentication.customermodel", "pk": "24929ddd-e9ad-449c-927e-84080515b29d", "fields": {}}, {"model": "authentication.customermodel", "pk": "537d3889-1a57-4080-95c4-deaf54b3abc0", "fields": {}}, {"model": "authentication.customermodel", "pk": "865441fe-920a-4a65-af2b-44a49c23d658", "fields": {}}, {"model": "authentication.sellermodel", "pk": "1ae403e0-61b2-46b2-817f-8950dab55eb5", "fields": {"gst_number": "123413"}}, {"model": "authentication.sellermodel", "pk": "215697c9-534e-41e9-af2e-d4d5a40a6d76", "fields": {"gst_number": "21345432"}}, {"model": "authentication.sellermodel", "pk": "3debe494-dfd4-41c7-bfe7-c2af5d98b561", "fields": {"gst_number": "213653"}}, {"model": "authentication.sellermodel", "pk": "52ca29e5-9234-4348-bc00-328990a9a032", "fields": {"gst_number": "12343"}}, {"model": "authentication.sellermodel", "pk": "702785ec-efd4-4f73-84aa-f49d8e79dd99", "fields": {"gst_number": "12312312434143"}}, {"model": "authentication.sellermodel", "pk": "81f56848-9833-4667-b053-211e07e31708", "fields": {"gst_number": "1231234143"}}, {"model": "authentication.sellermodel", "pk": "b0782e75-9cc8-4859-8622-12d41bcb1590", "fields": {"gst_number": "123411233"}}, {"model": "authentication.sellermodel", "pk": "bc917cad-a61e-4fdb-a623-7fffa38dd071", "fields": {"gst_number": "987654567890987065"}}, {"model": "authentication.sellermodel", "pk": "dbe624a9-651c-48db-b14b-14652a4541a7", "fields": {"gst_number": "567"}}, {"model": "authentication.sellermodel", "pk": "fb26c620-f51b-42d1-9f42-a9dcd6642be2", "fields": {"gst_number": "13249"}}, {"model": "authentication.otpmodel", "pk": "5c9bac4c-2d1e-4427-bb81-899dc38c8180", "fields": {"created_at": "2022-02-09T11:47:05.088", "updated_at": "2022-02-09T11:47:05.088", "otp": 318969, "is_valid": true, "user": "865441fe-920a-4a65-af2b-44a49c23d658"}}, {"model": "authentication.otpmodel", "pk": "8ad14fa7-2481-4040-a343-0bee351288e4", "fields": {"created_at": "2021-10-29T18:01:42.854", "updated_at": "2021-10-29T18:01:42.854", "otp": 797248, "is_valid": true, "user": "537d3889-1a57-4080-95c4-deaf54b3abc0"}}, {"model": "authentication.otpmodel", "pk": "ad732a64-5458-4e24-abe1-f79c71be9c8c", "fields": {"created_at": "2022-02-09T11:44:41.009", "updated_at": "2022-02-09T11:44:41.009", "otp": 919486, "is_valid": true, "user": "865441fe-920a-4a65-af2b-44a49c23d658"}}, {"model": "authentication.otpmodel", "pk": "db058a3a-19e7-44a3-8508-e10fe11e46f3", "fields": {"created_at": "2021-10-29T18:01:18.338", "updated_at": "2021-10-29T18:01:18.338", "otp": 731706, "is_valid": true, "user": "24929ddd-e9ad-449c-927e-84080515b29d"}}, {"model": "authentication.sellerotp", "pk": "2faf24a8-b31b-4541-89b1-fafff5266185", "fields": {"created_at": "2022-02-09T12:00:02.427", "updated_at": "2022-02-09T12:00:02.427", "otp": 691544, "is_valid": true, "user": "bc917cad-a61e-4fdb-a623-7fffa38dd071"}}, {"model": "authentication.sellerotp", "pk": "4c9517cb-49f8-40c1-9149-6a0c9c727877", "fields": {"created_at": "2021-10-29T17:56:57.795", "updated_at": "2021-10-29T17:56:57.795", "otp": 107101, "is_valid": true, "user": "702785ec-efd4-4f73-84aa-f49d8e79dd99"}}, {"model": "authentication.sellerotp", "pk": "5c413040-d35f-4424-8ab5-a1bb6bdb7a36", "fields": {"created_at": "2021-10-29T17:57:16.057", "updated_at": "2021-10-29T17:57:16.057", "otp": 822778, "is_valid": true, "user": "1ae403e0-61b2-46b2-817f-8950dab55eb5"}}, {"model": "authentication.sellerotp", "pk": "61073581-1d50-4027-8415-f5f90d797e89", "fields": {"created_at": "2021-10-29T17:56:04.393", "updated_at": "2021-10-29T17:56:04.393", "otp": 141841, "is_valid": true, "user": "81f56848-9833-4667-b053-211e07e31708"}}, {"model": "authentication.sellerotp", "pk": "8169b04d-9c0a-46fd-8bd6-e2b4e0512ee2", "fields": {"created_at": "2021-10-29T17:59:29.574", "updated_at": "2021-10-29T17:59:29.574", "otp": 507388, "is_valid": true, "user": "3debe494-dfd4-41c7-bfe7-c2af5d98b561"}}, {"model": "authentication.sellerotp", "pk": "8cf22657-ceaa-48f2-aab8-135d467442f2", "fields": {"created_at": "2021-10-29T17:55:14.456", "updated_at": "2021-10-29T17:55:14.456", "otp": 542832, "is_valid": true, "user": "52ca29e5-9234-4348-bc00-328990a9a032"}}, {"model": "authentication.sellerotp", "pk": "a17fa613-9090-46ab-8ccc-c4658caf780b", "fields": {"created_at": "2022-02-09T11:59:10.024", "updated_at": "2022-02-09T11:59:10.024", "otp": 828577, "is_valid": true, "user": "bc917cad-a61e-4fdb-a623-7fffa38dd071"}}, {"model": "authentication.sellerotp", "pk": "ad0a8168-6065-4dd5-a3fb-aea3643173fa", "fields": {"created_at": "2021-10-29T17:58:57.823", "updated_at": "2021-10-29T17:58:57.823", "otp": 426092, "is_valid": true, "user": "b0782e75-9cc8-4859-8622-12d41bcb1590"}}, {"model": "authentication.sellerotp", "pk": "dabca936-6c89-4e60-b4f0-a447f9c2aa99", "fields": {"created_at": "2021-10-29T17:59:15.437", "updated_at": "2021-10-29T17:59:15.437", "otp": 122071, "is_valid": true, "user": "dbe624a9-651c-48db-b14b-14652a4541a7"}}, {"model": "authentication.sellerotp", "pk": "edbbd84d-7802-4435-a924-25020c519fcb", "fields": {"created_at": "2021-10-29T17:59:42.295", "updated_at": "2021-10-29T17:59:42.295", "otp": 332909, "is_valid": true, "user": "fb26c620-f51b-42d1-9f42-a9dcd6642be2"}}, {"model": "authentication.sellerotp", "pk": "fe8f245f-f32d-4794-a363-8648a7dfdeba", "fields": {"created_at": "2021-10-29T18:00:07.610", "updated_at": "2021-10-29T18:00:07.610", "otp": 471164, "is_valid": true, "user": "215697c9-534e-41e9-af2e-d4d5a40a6d76"}}, {"model": "app.restaurantmodel", "pk": "08cb9e7a-e1e4-4ef5-899d-641024dafdf0", "fields": {"created_at": "2022-02-09T14:09:29.317", "updated_at": "2021-10-29T18:13:02.500", "owner": "215697c9-534e-41e9-af2e-d4d5a40a6d76", "name": "Mc Donalds", "description": "This is Mc Donalds", "logo": "restaurant/mcdonalds.png", "address": "Near my house", "town": "Dharwad", "state": "Karnataka", "pincode": 653212, "latitude": 65.3232, "longitude": 54.321, "rating": 0}}, {"model": "app.restaurantmodel", "pk": "1239eb9e-9d1d-4b49-b8e5-8586b032da12", "fields": {"created_at": "2022-02-09T14:11:21.695", "updated_at": "2021-10-29T18:06:54.041", "owner": "1ae403e0-61b2-46b2-817f-8950dab55eb5", "name": "Fassos", "description": "This is Fassos", "logo": "restaurant/faasos.png", "address": "Near my house", "town": "Pune", "state": "Maharastra", "pincode": 542321, "latitude": 32.32, "longitude": 23.23412, "rating": 0}}, {"model": "app.restaurantmodel", "pk": "279cac5f-c39c-43a9-93a5-61446baa9b55", "fields": {"created_at": "2022-02-09T14:10:05.326", "updated_at": "2021-10-29T18:07:31.267", "owner": "b0782e75-9cc8-4859-8622-12d41bcb1590", "name": "KFC", "description": "This is KFC", "logo": "restaurant/kfc.jpeg", "address": "Near my house", "town": "Mumbai", "state": "Maharastra", "pincode": 543342, "latitude": 53.12312, "longitude": 12.634, "rating": 0}}, {"model": "app.restaurantmodel", "pk": "58f02de0-ee01-415d-ac71-2b8f38fbdd9a", "fields": {"created_at": "2022-02-09T14:10:14.807", "updated_at": "2021-10-29T18:03:15.821", "owner": "52ca29e5-9234-4348-bc00-328990a9a032", "name": "Burger King", "description": "This is Burger King", "logo": "restaurant/burgerking.jpeg", "address": "Near my house", "town": "Ponda", "state": "Goa", "pincode": 123456, "latitude": 12.345, "longitude": 12.543, "rating": 0}}, {"model": "app.restaurantmodel", "pk": "92f33d4d-46d5-43d6-a10e-bfadd182b8d9", "fields": {"created_at": "2022-02-09T14:09:40.580", "updated_at": "2021-10-29T18:09:55.689", "owner": "3debe494-dfd4-41c7-bfe7-c2af5d98b561", "name": "Pizza Hut", "description": "This is Pizza Hut", "logo": "restaurant/pizzahut.png", "address": "Near my house", "town": "Porvorim", "state": "Goa", "pincode": null, "latitude": 54.312, "longitude": 65.321, "rating": 0}}, {"model": "app.restaurantmodel", "pk": "a052fc0d-7f56-4539-9c35-cba43b015a33", "fields": {"created_at": "2021-10-29T18:04:28.988", "updated_at": "2021-10-29T18:04:28.988", "owner": "81f56848-9833-4667-b053-211e07e31708", "name": "Cafe Coffee Day", "description": "This is CCD", "logo": "restaurant/ccd.jpeg", "address": "Near my house", "town": "Panaji", "state": "Goa", "pincode": 42345, "latitude": 23.543, "longitude": 12.312, "rating": 0}}, {"model": "app.restaurantmodel", "pk": "a6010065-d26d-45e0-b3b8-8a50281a0f88", "fields": {"created_at": "2022-02-09T14:12:09.719", "updated_at": "2022-02-09T12:38:33.498", "owner": "bc917cad-a61e-4fdb-a623-7fffa38dd071", "name": "Rasoda", "description": "This is my new restaurant", "logo": "restaurant/rasoda.png", "address": "Near miramar beach", "town": "panaji", "state": "goa", "pincode": 123456, "latitude": 11.432, "longitude": 12.431, "rating": 0}}, {"model": "app.restaurantmodel", "pk": "ba0c2ad2-fa82-4604-8c75-180f4741a3ac", "fields": {"created_at": "2022-02-09T14:09:51.760", "updated_at": "2021-10-29T18:09:12.760", "owner": "fb26c620-f51b-42d1-9f42-a9dcd6642be2", "name": "Starbucks", "description": "This is Starbucks", "logo": "restaurant/starbucks.jpeg", "address": "Near my house", "town": "Belgum", "state": "Karnataka", "pincode": 765646, "latitude": 54.23, "longitude": 65.231, "rating": 0}}, {"model": "app.restaurantmodel", "pk": "c01c5253-791f-4fd3-89b0-8e70d9b3816b", "fields": {"created_at": "2021-10-29T18:05:21.901", "updated_at": "2021-10-29T18:05:21.901", "owner": "702785ec-efd4-4f73-84aa-f49d8e79dd99", "name": "Dominos", "description": "This is Dominos", "logo": "restaurant/dominos.jpeg", "address": "Near my house", "town": "Margao", "state": "Goa", "pincode": 645423, "latitude": 434.23, "longitude": 12.4532, "rating": 0}}, {"model": "app.restaurantmodel", "pk": "f9d1cb14-7731-42df-815c-8db7a46138f9", "fields": {"created_at": "2022-02-09T14:09:59.678", "updated_at": "2021-10-29T18:08:18.874", "owner": "dbe624a9-651c-48db-b14b-14652a4541a7", "name": "Subway", "description": "This is Subway", "logo": "restaurant/subway.jpeg", "address": "Near my house", "town": "Nagpur", "state": "Maharastra", "pincode": 635244, "latitude": 43.532, "longitude": 12.654, "rating": 0}}, {"model": "app.restaurantseatsmodel", "pk": "02bb283c-ffe4-44ff-967a-f7efb3e536fa", "fields": {"created_at": "2021-10-29T18:16:56.691", "updated_at": "2021-10-29T18:16:56.691", "restaurant": "1239eb9e-9d1d-4b49-b8e5-8586b032da12", "seat_name": "w2", "is_available": true}}, {"model": "app.restaurantseatsmodel", "pk": "068c5a69-759d-4865-8927-f29544e8b344", "fields": {"created_at": "2021-10-29T19:11:25.361", "updated_at": "2021-10-29T18:13:47.308", "restaurant": "08cb9e7a-e1e4-4ef5-899d-641024dafdf0", "seat_name": "a1", "is_available": false}}, {"model": "app.restaurantseatsmodel", "pk": "0742c40d-8ac4-4278-b3d9-250a51203640", "fields": {"created_at": "2021-10-29T18:16:19.499", "updated_at": "2021-10-29T18:16:19.499", "restaurant": "279cac5f-c39c-43a9-93a5-61446baa9b55", "seat_name": "q3", "is_available": true}}, {"model": "app.restaurantseatsmodel", "pk": "108ec78c-9eba-4565-89be-1202ed2c59e6", "fields": {"created_at": "2021-10-29T18:15:22.537", "updated_at": "2021-10-29T18:15:22.537", "restaurant": "ba0c2ad2-fa82-4604-8c75-180f4741a3ac", "seat_name": "c5", "is_available": true}}, {"model": "app.restaurantseatsmodel", "pk": "119c534c-2768-4b9a-ad8b-fcae86dc3ae2", "fields": {"created_at": "2021-10-29T18:17:35.132", "updated_at": "2021-10-29T18:17:35.132", "restaurant": "c01c5253-791f-4fd3-89b0-8e70d9b3816b", "seat_name": "z4", "is_available": true}}, {"model": "app.restaurantseatsmodel", "pk": "2754f5e7-ae54-4106-9a6e-033f00c3421d", "fields": {"created_at": "2022-02-09T12:40:19.212", "updated_at": "2022-02-09T12:40:19.212", "restaurant": "a6010065-d26d-45e0-b3b8-8a50281a0f88", "seat_name": "A4", "is_available": true}}, {"model": "app.restaurantseatsmodel", "pk": "2f86375d-3903-4e80-b4a3-f140f60ee4db", "fields": {"created_at": "2021-10-29T18:15:16.993", "updated_at": "2021-10-29T18:15:16.993", "restaurant": "ba0c2ad2-fa82-4604-8c75-180f4741a3ac", "seat_name": "c4", "is_available": true}}, {"model": "app.restaurantseatsmodel", "pk": "309dcdfd-4398-40a0-8862-a2c5a5a1c632", "fields": {"created_at": "2021-10-29T18:17:50.897", "updated_at": "2021-10-29T18:17:50.897", "restaurant": "a052fc0d-7f56-4539-9c35-cba43b015a33", "seat_name": "x2", "is_available": true}}, {"model": "app.restaurantseatsmodel", "pk": "372d9adf-06c1-4969-8e74-d069cac5b79d", "fields": {"created_at": "2021-10-29T18:14:15.893", "updated_at": "2021-10-29T18:14:15.893", "restaurant": "92f33d4d-46d5-43d6-a10e-bfadd182b8d9", "seat_name": "b1", "is_available": true}}, {"model": "app.restaurantseatsmodel", "pk": "3fe8ece4-e4e2-43a9-84e7-c84a60b47517", "fields": {"created_at": "2021-10-29T18:15:42.957", "updated_at": "2021-10-29T18:15:42.957", "restaurant": "f9d1cb14-7731-42df-815c-8db7a46138f9", "seat_name": "d2", "is_available": true}}, {"model": "app.restaurantseatsmodel", "pk": "41361574-4a39-4a23-8690-57b6dbe795af", "fields": {"created_at": "2021-10-29T18:16:06.851", "updated_at": "2021-10-29T18:16:06.851", "restaurant": "279cac5f-c39c-43a9-93a5-61446baa9b55", "seat_name": "q1", "is_available": true}}, {"model": "app.restaurantseatsmodel", "pk": "45f660ef-85ed-467e-b48b-3537dad205c4", "fields": {"created_at": "2021-10-29T18:17:24.114", "updated_at": "2021-10-29T18:17:24.114", "restaurant": "c01c5253-791f-4fd3-89b0-8e70d9b3816b", "seat_name": "z2", "is_available": true}}, {"model": "app.restaurantseatsmodel", "pk": "48578e21-aab6-477f-a96e-85fbb14d709c", "fields": {"created_at": "2021-10-29T18:18:08.298", "updated_at": "2021-10-29T18:18:08.298", "restaurant": "a052fc0d-7f56-4539-9c35-cba43b015a33", "seat_name": "x5", "is_available": true}}, {"model": "app.restaurantseatsmodel", "pk": "4c6ff7e4-a550-4be0-a2f8-87c83b4f979d", "fields": {"created_at": "2021-10-29T18:17:56.194", "updated_at": "2021-10-29T18:17:56.194", "restaurant": "a052fc0d-7f56-4539-9c35-cba43b015a33", "seat_name": "x3", "is_available": true}}, {"model": "app.restaurantseatsmodel", "pk": "55b4e2d6-0c8d-455c-b766-be1b89b9ee62", "fields": {"created_at": "2021-10-29T18:15:47.863", "updated_at": "2021-10-29T18:15:47.863", "restaurant": "f9d1cb14-7731-42df-815c-8db7a46138f9", "seat_name": "d3", "is_available": true}}, {"model": "app.restaurantseatsmodel", "pk": "5735eaa9-edfb-41c8-bf6e-d28e36aff756", "fields": {"created_at": "2021-10-29T18:15:05.301", "updated_at": "2021-10-29T18:15:05.301", "restaurant": "ba0c2ad2-fa82-4604-8c75-180f4741a3ac", "seat_name": "c3", "is_available": true}}, {"model": "app.restaurantseatsmodel", "pk": "654af728-eedc-4455-85ce-97a20cd9fbea", "fields": {"created_at": "2022-02-09T14:09:29.319", "updated_at": "2022-02-09T14:09:29.319", "restaurant": "08cb9e7a-e1e4-4ef5-899d-641024dafdf0", "seat_name": "a10", "is_available": true}}, {"model": "app.restaurantseatsmodel", "pk": "6f53e45f-19c0-40e6-9678-cdddc623a221", "fields": {"created_at": "2022-02-09T14:09:08.173", "updated_at": "2022-02-09T14:09:08.173", "restaurant": "a6010065-d26d-45e0-b3b8-8a50281a0f88", "seat_name": "A4", "is_available": true}}, {"model": "app.restaurantseatsmodel", "pk": "6fe3f046-8b69-4837-80f9-364a1686b7c8", "fields": {"created_at": "2021-10-29T18:16:27.339", "updated_at": "2021-10-29T18:16:27.339", "restaurant": "279cac5f-c39c-43a9-93a5-61446baa9b55", "seat_name": "q4", "is_available": true}}, {"model": "app.restaurantseatsmodel", "pk": "7050d45e-205d-4c2e-9688-b05d9f3c12e7", "fields": {"created_at": "2022-02-09T14:08:47.190", "updated_at": "2022-02-09T14:08:47.190", "restaurant": "58f02de0-ee01-415d-ac71-2b8f38fbdd9a", "seat_name": "s7", "is_available": true}}, {"model": "app.restaurantseatsmodel", "pk": "71272839-7138-4121-8244-49df59740b65", "fields": {"created_at": "2021-10-29T18:18:36.630", "updated_at": "2021-10-29T18:18:36.630", "restaurant": "58f02de0-ee01-415d-ac71-2b8f38fbdd9a", "seat_name": "s4", "is_available": true}}, {"model": "app.restaurantseatsmodel", "pk": "7a4d96d5-11fb-4c0a-a9bd-3ab8dbe2e8f9", "fields": {"created_at": "2021-10-29T18:15:57.394", "updated_at": "2021-10-29T18:15:57.394", "restaurant": "f9d1cb14-7731-42df-815c-8db7a46138f9", "seat_name": "d5", "is_available": true}}, {"model": "app.restaurantseatsmodel", "pk": "7b079095-a6c7-4636-92c0-02452c281229", "fields": {"created_at": "2021-10-29T18:18:42.491", "updated_at": "2021-10-29T18:18:42.491", "restaurant": "58f02de0-ee01-415d-ac71-2b8f38fbdd9a", "seat_name": "s5", "is_available": true}}, {"model": "app.restaurantseatsmodel", "pk": "84d769db-0e61-4782-9e94-554c223ba7c7", "fields": {"created_at": "2021-10-29T18:17:07.899", "updated_at": "2021-10-29T18:17:07.899", "restaurant": "1239eb9e-9d1d-4b49-b8e5-8586b032da12", "seat_name": "w4", "is_available": true}}, {"model": "app.restaurantseatsmodel", "pk": "85c02633-afc3-4c06-aa91-cb906979490b", "fields": {"created_at": "2022-02-09T14:09:29.318", "updated_at": "2022-02-09T14:09:29.318", "restaurant": "08cb9e7a-e1e4-4ef5-899d-641024dafdf0", "seat_name": "a8", "is_available": true}}, {"model": "app.restaurantseatsmodel", "pk": "87bc33ac-198c-4339-9ffb-8b5cc7ae6b7b", "fields": {"created_at": "2021-10-29T18:14:59.071", "updated_at": "2021-10-29T18:14:59.071", "restaurant": "ba0c2ad2-fa82-4604-8c75-180f4741a3ac", "seat_name": "c1", "is_available": true}}, {"model": "app.restaurantseatsmodel", "pk": "8c2257b9-37db-4b9d-bee7-11510e087809", "fields": {"created_at": "2021-10-29T18:15:09.849", "updated_at": "2021-10-29T18:15:09.849", "restaurant": "ba0c2ad2-fa82-4604-8c75-180f4741a3ac", "seat_name": "c4", "is_available": true}}, {"model": "app.restaurantseatsmodel", "pk": "8c92ea37-f8d4-405c-951a-36666dcc906a", "fields": {"created_at": "2022-02-09T12:40:10.981", "updated_at": "2022-02-09T12:40:10.981", "restaurant": "a6010065-d26d-45e0-b3b8-8a50281a0f88", "seat_name": "A2", "is_available": true}}, {"model": "app.restaurantseatsmodel", "pk": "930377e7-efba-49ba-8549-3fd15a180e84", "fields": {"created_at": "2022-02-09T14:09:29.318", "updated_at": "2022-02-09T14:09:29.318", "restaurant": "08cb9e7a-e1e4-4ef5-899d-641024dafdf0", "seat_name": "a7", "is_available": true}}, {"model": "app.restaurantseatsmodel", "pk": "938894a1-8f9d-46b1-80c2-3b627e2944bc", "fields": {"created_at": "2021-10-29T18:17:40.582", "updated_at": "2021-10-29T18:17:40.582", "restaurant": "c01c5253-791f-4fd3-89b0-8e70d9b3816b", "seat_name": "z5", "is_available": true}}, {"model": "app.restaurantseatsmodel", "pk": "9898014b-8452-41fb-831a-9fbec598dde2", "fields": {"created_at": "2022-02-09T11:52:48.563", "updated_at": "2021-10-29T18:13:55.958", "restaurant": "08cb9e7a-e1e4-4ef5-899d-641024dafdf0", "seat_name": "a3", "is_available": false}}, {"model": "app.restaurantseatsmodel", "pk": "9f4c363c-48b8-4980-bb12-059a863d3509", "fields": {"created_at": "2021-10-29T18:16:52.634", "updated_at": "2021-10-29T18:16:52.634", "restaurant": "1239eb9e-9d1d-4b49-b8e5-8586b032da12", "seat_name": "w1", "is_available": true}}, {"model": "app.restaurantseatsmodel", "pk": "9f588b01-85bf-4a84-b0e8-57af8a014f41", "fields": {"created_at": "2021-10-29T18:16:31.843", "updated_at": "2021-10-29T18:16:31.843", "restaurant": "279cac5f-c39c-43a9-93a5-61446baa9b55", "seat_name": "q5", "is_available": true}}, {"model": "app.restaurantseatsmodel", "pk": "a2c09775-9dc3-468c-9cbf-3bc147aab382", "fields": {"created_at": "2022-02-09T14:08:47.191", "updated_at": "2022-02-09T14:08:47.191", "restaurant": "58f02de0-ee01-415d-ac71-2b8f38fbdd9a", "seat_name": "s9", "is_available": true}}, {"model": "app.restaurantseatsmodel", "pk": "a36ebcc6-a058-4c5c-99a3-72e45497b8ea", "fields": {"created_at": "2021-10-29T18:18:31.439", "updated_at": "2021-10-29T18:18:31.439", "restaurant": "58f02de0-ee01-415d-ac71-2b8f38fbdd9a", "seat_name": "s3", "is_available": true}}, {"model": "app.restaurantseatsmodel", "pk": "a3d714bb-b464-48c2-aaeb-b0a1fbcd0d9c", "fields": {"created_at": "2021-10-29T18:17:46.282", "updated_at": "2021-10-29T18:17:46.282", "restaurant": "a052fc0d-7f56-4539-9c35-cba43b015a33", "seat_name": "x1", "is_available": true}}, {"model": "app.restaurantseatsmodel", "pk": "a8b80e5d-14bc-4092-bfd5-c4150f21c729", "fields": {"created_at": "2021-10-29T18:16:45.434", "updated_at": "2021-10-29T18:16:11.174", "restaurant": "279cac5f-c39c-43a9-93a5-61446baa9b55", "seat_name": "q2", "is_available": true}}, {"model": "app.restaurantseatsmodel", "pk": "b54b3db8-1dff-4b2c-bfbf-281b195da3e2", "fields": {"created_at": "2021-10-29T18:18:23.331", "updated_at": "2021-10-29T18:18:23.331", "restaurant": "58f02de0-ee01-415d-ac71-2b8f38fbdd9a", "seat_name": "s2", "is_available": true}}, {"model": "app.restaurantseatsmodel", "pk": "b93bc9e1-d666-4ac2-b4c4-7e1166d57faf", "fields": {"created_at": "2022-02-09T14:08:47.190", "updated_at": "2022-02-09T14:08:47.190", "restaurant": "58f02de0-ee01-415d-ac71-2b8f38fbdd9a", "seat_name": "s6", "is_available": true}}, {"model": "app.restaurantseatsmodel", "pk": "be53ad0c-e1cc-4dfb-b3c4-97bbcc9a6e62", "fields": {"created_at": "2021-10-29T18:17:12.443", "updated_at": "2021-10-29T18:17:12.443", "restaurant": "1239eb9e-9d1d-4b49-b8e5-8586b032da12", "seat_name": "w5", "is_available": true}}, {"model": "app.restaurantseatsmodel", "pk": "bf057dcf-d942-4c7e-9e11-3af7c1e7ddbd", "fields": {"created_at": "2021-10-29T18:15:52.296", "updated_at": "2021-10-29T18:15:52.296", "restaurant": "f9d1cb14-7731-42df-815c-8db7a46138f9", "seat_name": "d4", "is_available": true}}, {"model": "app.restaurantseatsmodel", "pk": "c0e98d14-0fe2-4710-9ca3-c02ad17c4422", "fields": {"created_at": "2021-10-29T18:15:35.440", "updated_at": "2021-10-29T18:15:35.440", "restaurant": "f9d1cb14-7731-42df-815c-8db7a46138f9", "seat_name": "d1", "is_available": true}}, {"model": "app.restaurantseatsmodel", "pk": "cdc4167e-a8bb-4444-baa0-68d4e04f2da6", "fields": {"created_at": "2021-10-29T18:17:00.955", "updated_at": "2021-10-29T18:17:00.955", "restaurant": "1239eb9e-9d1d-4b49-b8e5-8586b032da12", "seat_name": "w3", "is_available": true}}, {"model": "app.restaurantseatsmodel", "pk": "ce303b1e-276b-4e7c-9b25-ce983cd1323a", "fields": {"created_at": "2021-10-29T18:14:01.441", "updated_at": "2021-10-29T18:14:01.441", "restaurant": "08cb9e7a-e1e4-4ef5-899d-641024dafdf0", "seat_name": "a4", "is_available": true}}, {"model": "app.restaurantseatsmodel", "pk": "d16e3d70-ea32-49bd-8a8f-27c673a933e5", "fields": {"created_at": "2022-02-09T14:09:29.319", "updated_at": "2022-02-09T14:09:29.319", "restaurant": "08cb9e7a-e1e4-4ef5-899d-641024dafdf0", "seat_name": "a9", "is_available": true}}, {"model": "app.restaurantseatsmodel", "pk": "d18d08ea-9ee9-40be-8aaf-0fe2a241a40c", "fields": {"created_at": "2021-10-29T18:17:28.405", "updated_at": "2021-10-29T18:17:28.405", "restaurant": "c01c5253-791f-4fd3-89b0-8e70d9b3816b", "seat_name": "z3", "is_available": true}}, {"model": "app.restaurantseatsmodel", "pk": "d35dbaeb-d5b1-4be8-abf8-37138992e192", "fields": {"created_at": "2021-10-29T18:17:18.353", "updated_at": "2021-10-29T18:17:18.353", "restaurant": "c01c5253-791f-4fd3-89b0-8e70d9b3816b", "seat_name": "z1", "is_available": true}}, {"model": "app.restaurantseatsmodel", "pk": "d367f890-f9fb-41f6-8de2-6cd2c32af39e", "fields": {"created_at": "2022-02-09T14:09:08.173", "updated_at": "2022-02-09T14:09:08.173", "restaurant": "a6010065-d26d-45e0-b3b8-8a50281a0f88", "seat_name": "A5", "is_available": true}}, {"model": "app.restaurantseatsmodel", "pk": "d3e6620e-147c-4dea-9839-f9be58a293da", "fields": {"created_at": "2021-10-29T18:14:42.056", "updated_at": "2021-10-29T18:14:42.056", "restaurant": "92f33d4d-46d5-43d6-a10e-bfadd182b8d9", "seat_name": "b5", "is_available": true}}, {"model": "app.restaurantseatsmodel", "pk": "d4a491c4-c316-407d-b3b8-514eb5db9240", "fields": {"created_at": "2022-02-09T14:08:47.190", "updated_at": "2022-02-09T14:08:47.190", "restaurant": "58f02de0-ee01-415d-ac71-2b8f38fbdd9a", "seat_name": "s8", "is_available": true}}, {"model": "app.restaurantseatsmodel", "pk": "da9fc8e4-80ed-486e-abd4-6fa2bc3a8e04", "fields": {"created_at": "2021-10-29T18:14:53.795", "updated_at": "2021-10-29T18:14:21.300", "restaurant": "92f33d4d-46d5-43d6-a10e-bfadd182b8d9", "seat_name": "b2", "is_available": true}}, {"model": "app.restaurantseatsmodel", "pk": "e7c70312-2cd2-4618-9738-d23f86fafb8e", "fields": {"created_at": "2021-10-29T18:18:18.102", "updated_at": "2021-10-29T18:18:18.102", "restaurant": "58f02de0-ee01-415d-ac71-2b8f38fbdd9a", "seat_name": "s1", "is_available": true}}, {"model": "app.restaurantseatsmodel", "pk": "e98363ed-05e3-4b54-9022-a67321b8dc61", "fields": {"created_at": "2021-10-29T18:18:00.917", "updated_at": "2021-10-29T18:18:00.918", "restaurant": "a052fc0d-7f56-4539-9c35-cba43b015a33", "seat_name": "x4", "is_available": true}}, {"model": "app.restaurantseatsmodel", "pk": "ee8bbb1f-60dd-486c-89eb-6c6f2de11806", "fields": {"created_at": "2021-10-29T18:14:07.230", "updated_at": "2021-10-29T18:14:07.230", "restaurant": "08cb9e7a-e1e4-4ef5-899d-641024dafdf0", "seat_name": "a5", "is_available": true}}, {"model": "app.restaurantseatsmodel", "pk": "f391ccd1-b03f-4291-8220-1ac05cc7dd72", "fields": {"created_at": "2022-02-09T11:52:48.559", "updated_at": "2021-10-29T18:13:51.764", "restaurant": "08cb9e7a-e1e4-4ef5-899d-641024dafdf0", "seat_name": "a2", "is_available": false}}, {"model": "app.restaurantseatsmodel", "pk": "f4fbfe43-1f47-4da7-a6c7-316a6d34174a", "fields": {"created_at": "2022-02-09T14:08:47.191", "updated_at": "2022-02-09T14:08:47.191", "restaurant": "58f02de0-ee01-415d-ac71-2b8f38fbdd9a", "seat_name": "s10", "is_available": true}}, {"model": "app.restaurantseatsmodel", "pk": "f68cc839-1435-4d25-84c9-83c3ff706cfd", "fields": {"created_at": "2021-10-29T18:14:34.792", "updated_at": "2021-10-29T18:14:34.792", "restaurant": "92f33d4d-46d5-43d6-a10e-bfadd182b8d9", "seat_name": "b4", "is_available": true}}, {"model": "app.restaurantseatsmodel", "pk": "f7e3b342-a5ea-49c8-bb9d-24abfba5f8ad", "fields": {"created_at": "2021-10-29T18:14:27.657", "updated_at": "2021-10-29T18:14:27.657", "restaurant": "92f33d4d-46d5-43d6-a10e-bfadd182b8d9", "seat_name": "b3", "is_available": true}}, {"model": "app.restaurantseatsmodel", "pk": "fce005f6-9742-447b-8b69-a2b28124a08c", "fields": {"created_at": "2021-10-29T22:14:15.579", "updated_at": "2021-10-29T22:14:15.579", "restaurant": "08cb9e7a-e1e4-4ef5-899d-641024dafdf0", "seat_name": "a6", "is_available": true}}, {"model": "app.restaurantseatsmodel", "pk": "ff65bd87-5ba5-4430-ac18-a5ae2d0d964f", "fields": {"created_at": "2022-02-09T12:40:15.497", "updated_at": "2022-02-09T12:40:15.497", "restaurant": "a6010065-d26d-45e0-b3b8-8a50281a0f88", "seat_name": "A3", "is_available": true}}]